{
  "n_cases": 68,
  "vai_icc": 0.940203931368393,
  "vai_icc_ci_lower": 0.9050449345013422,
  "vai_icc_ci_upper": 0.9626320013644888,
  "vai_mae": 1.6470588235294117,
  "vai_rmse": 2.42535625036333,
  "vai_bias": 0.17647058823529413,
  "vai_accuracy_exact": 0.3088235294117647,
  "vai_accuracy_within_1": 0.5588235294117647,
  "vai_accuracy_within_2": 0.7941176470588235,
  "vai_accuracy_within_3": 0.8529411764705882,
  "vai_pearson_r": 0.9396507347497237,
  "vai_spearman_rho": 0.9267277746591639,
  "vai_r2": 0.8788111012595625,
  "vai_kappa": 0.6811254396248534,
  "vai_weighted_kappa": 0.8006514657980455,
  "vai_bland_altman": {
    "mean_diff": 0.17647058823529413,
    "diff_std": 2.418927669994363,
    "loa_upper": 4.917568821424246,
    "loa_lower": -4.564627644953657
  },
  "magnifi_icc": 0.9614941012994069,
  "magnifi_icc_ci_lower": 0.9384562543573635,
  "magnifi_icc_ci_upper": 0.9760353724817797,
  "magnifi_mae": 1.4705882352941178,
  "magnifi_rmse": 2.072225288683357,
  "magnifi_bias": -0.5588235294117647,
  "magnifi_accuracy_exact": 0.2647058823529412,
  "magnifi_accuracy_within_2": 0.8382352941176471,
  "magnifi_accuracy_within_3": 0.9117647058823529,
  "magnifi_accuracy_within_5": 0.9705882352941176,
  "magnifi_pearson_r": 0.9637839790496368,
  "magnifi_spearman_rho": 0.9433151922485639,
  "magnifi_r2": 0.9208403930870891,
  "magnifi_kappa": 0.6418835192069393,
  "magnifi_weighted_kappa": 0.7801445416508179,
  "magnifi_bland_altman": {
    "mean_diff": -0.5588235294117647,
    "diff_std": 1.9954533094098197,
    "loa_upper": 3.3522649570314815,
    "loa_lower": -4.469912015855011
  },
  "mean_confidence": 85.29411764705883,
  "comparison_to_radiologists": {
    "vai_parser_icc": 0.940203931368393,
    "vai_radiologist_icc": 0.68,
    "vai_improvement_pct": 38.265284024763666,
    "magnifi_parser_icc": 0.9614941012994069,
    "magnifi_radiologist_icc": 0.87,
    "magnifi_improvement_pct": 10.516563367747924
  }
}